{
"lengthUnit": "mil",
"components": {
	"fields": ["COMPONENT_NO", "COMPONENT_NAME", "LAYER", "X_COORDINATE", "Y_COORDINATE", "ANGLE"],
	"rows": [
		[1, "B1", "T", 354.3, 1220.49, 0],
		[2, "B2", "T", 1378, 1220.49, 0],
		[3, "B3", "T", 354.3, 354.3, 0],
		[4, "B4", "T", 1378, 354.3, 0],
		[5, "LED1", "B", 866.14, 787.4, 180],
		[6, "LED2", "B", 354.33, 1417.32, 180],
		[7, "LED3", "B", 1377.95, 1417.32, 180],
		[8, "LED4", "B", 354.33, 157.48, 180],
		[9, "LED5", "B", 1377.95, 157.48, 180],
		[10, "U5", "B", 866.14, 1496.06, 0]
	]
},
"pins": {
	"fields": ["PIN_NO", "PIN_NAME", "PIN_X", "PIN_Y", "LAYER", "PIN_TYPE", "NET_NAME", "NET_TYPE", "PAD_SHAPE", "PAD_SIZEX", "PAD_SIZEY", "HOLE_SIZE", "PAD_ANGLE"],
	"rows": [
		[1, "B1_1", 232.25, 1293.33, "T", "SMD", "B0", "", "R", 70.87, 43.31, 0, 0],
		[2, "B1_2", 476.35, 1293.33, "T", "SMD", "B1_2", "", "R", 70.87, 43.31, 0, 0],
		[3, "B1_3", 232.25, 1147.66, "T", "SMD", "GND", "GND", "R", 70.87, 43.31, 0, 0],
		[4, "B1_4", 476.35, 1147.66, "T", "SMD", "B1_4", "", "R", 70.87, 43.31, 0, 0],
		[5, "B2_1", 1255.95, 1293.33, "T", "SMD", "B1", "", "R", 70.87, 43.31, 0, 0],
		[6, "B2_2", 1500.05, 1293.33, "T", "SMD", "B2_2", "", "R", 70.87, 43.31, 0, 0],
		[7, "B2_3", 1255.95, 1147.66, "T", "SMD", "GND", "GND", "R", 70.87, 43.31, 0, 0],
		[8, "B2_4", 1500.05, 1147.66, "T", "SMD", "B2_4", "", "R", 70.87, 43.31, 0, 0],
		[9, "B3_1", 232.25, 427.13, "T", "SMD", "B2", "", "R", 70.87, 43.31, 0, 0],
		[10, "B3_2", 476.35, 427.13, "T", "SMD", "B3_2", "", "R", 70.87, 43.31, 0, 0],
		[11, "B3_3", 232.25, 281.46, "T", "SMD", "GND", "GND", "R", 70.87, 43.31, 0, 0],
		[12, "B3_4", 476.35, 281.46, "T", "SMD", "B3_4", "", "R", 70.87, 43.31, 0, 0],
		[13, "B4_1", 1255.95, 427.13, "T", "SMD", "B3", "", "R", 70.87, 43.31, 0, 0],
		[14, "B4_2", 1500.05, 427.13, "T", "SMD", "B4_2", "", "R", 70.87, 43.31, 0, 0],
		[15, "B4_3", 1255.95, 281.46, "T", "SMD", "GND", "GND", "R", 70.87, 43.31, 0, 0],
		[16, "B4_4", 1500.05, 281.46, "T", "SMD", "B4_4", "", "R", 70.87, 43.31, 0, 0],
		[17, "LED1_1", 972.44, 757.08, "B", "SMD", "GND", "GND", "R", 66.93, 31.5, 0, 0],
		[18, "LED1_2", 972.44, 817.71, "B", "SMD", "LED1", "", "R", 66.93, 31.5, 0, 0],
		[19, "LED1_3", 759.84, 817.72, "B", "SMD", "+5V", "", "R", 66.93, 31.5, 0, 0],
		[20, "LED1_4", 759.84, 757.08, "B", "SMD", "$1N8", "", "R", 66.93, 31.5, 0, 0],
		[21, "LED2_1", 460.63, 1387, "B", "SMD", "GND", "GND", "R", 66.93, 31.5, 0, 0],
		[22, "LED2_2", 460.63, 1447.63, "B", "SMD", "$1N8", "", "R", 66.93, 31.5, 0, 0],
		[23, "LED2_3", 248.03, 1447.64, "B", "SMD", "+5V", "", "R", 66.93, 31.5, 0, 0],
		[24, "LED2_4", 248.03, 1387, "B", "SMD", "$1N9", "", "R", 66.93, 31.5, 0, 0],
		[25, "LED3_1", 1484.25, 1387, "B", "SMD", "GND", "GND", "R", 66.93, 31.5, 0, 0],
		[26, "LED3_2", 1484.25, 1447.63, "B", "SMD", "$1N9", "", "R", 66.93, 31.5, 0, 0],
		[27, "LED3_3", 1271.65, 1447.64, "B", "SMD", "+5V", "", "R", 66.93, 31.5, 0, 0],
		[28, "LED3_4", 1271.65, 1387, "B", "SMD", "$1N10", "", "R", 66.93, 31.5, 0, 0],
		[29, "LED4_1", 460.63, 127.16, "B", "SMD", "GND", "GND", "R", 66.93, 31.5, 0, 0],
		[30, "LED4_2", 460.63, 187.79, "B", "SMD", "$1N10", "", "R", 66.93, 31.5, 0, 0],
		[31, "LED4_3", 248.03, 187.8, "B", "SMD", "+5V", "", "R", 66.93, 31.5, 0, 0],
		[32, "LED4_4", 248.03, 127.16, "B", "SMD", "$1N11", "", "R", 66.93, 31.5, 0, 0],
		[33, "LED5_1", 1484.25, 127.16, "B", "SMD", "GND", "GND", "R", 66.93, 31.5, 0, 0],
		[34, "LED5_2", 1484.25, 187.79, "B", "SMD", "$1N11", "", "R", 66.93, 31.5, 0, 0],
		[35, "LED5_3", 1271.65, 187.8, "B", "SMD", "+5V", "", "R", 66.93, 31.5, 0, 0],
		[36, "LED5_4", 1271.65, 127.16, "B", "SMD", "LED5_4", "", "R", 66.93, 31.5, 0, 0],
		[37, "U5_1", 1141.73, 1496.06, "T", "DIP", "+5V", "", "R", 55.12, 55.12, 35.43, 180],
		[38, "U5_1", 1141.73, 1496.06, "B", "DIP", "+5V", "", "R", 55.12, 55.12, 35.43, 180],
		[39, "U5_2", 1062.99, 1496.06, "T", "DIP", "LED1", "", "C", 55.12, 55.12, 35.43, 180],
		[40, "U5_2", 1062.99, 1496.06, "B", "DIP", "LED1", "", "C", 55.12, 55.12, 35.43, 180],
		[41, "U5_3", 984.25, 1496.06, "T", "DIP", "+3.3V", "", "C", 55.12, 55.12, 35.43, 180],
		[42, "U5_3", 984.25, 1496.06, "B", "DIP", "+3.3V", "", "C", 55.12, 55.12, 35.43, 180],
		[43, "U5_4", 905.51, 1496.06, "T", "DIP", "B0", "", "C", 55.12, 55.12, 35.43, 180],
		[44, "U5_4", 905.51, 1496.06, "B", "DIP", "B0", "", "C", 55.12, 55.12, 35.43, 180],
		[45, "U5_5", 826.77, 1496.06, "T", "DIP", "B1", "", "C", 55.12, 55.12, 35.43, 180],
		[46, "U5_5", 826.77, 1496.06, "B", "DIP", "B1", "", "C", 55.12, 55.12, 35.43, 180],
		[47, "U5_6", 748.03, 1496.06, "T", "DIP", "B2", "", "C", 55.12, 55.12, 35.43, 180],
		[48, "U5_6", 748.03, 1496.06, "B", "DIP", "B2", "", "C", 55.12, 55.12, 35.43, 180],
		[49, "U5_7", 669.29, 1496.06, "T", "DIP", "B3", "", "C", 55.12, 55.12, 35.43, 180],
		[50, "U5_7", 669.29, 1496.06, "B", "DIP", "B3", "", "C", 55.12, 55.12, 35.43, 180],
		[51, "U5_8", 590.55, 1496.06, "T", "DIP", "GND", "GND", "C", 55.12, 55.12, 35.43, 180],
		[52, "U5_8", 590.55, 1496.06, "B", "DIP", "GND", "GND", "C", 55.12, 55.12, 35.43, 180]
	]
}
}